Link,Status,Type
https://www.marutisuzuki.com/corporate/investors/financials,not connected,Home
https://www.marutisuzuki.com/cng/dzire,not connected,Home
https://www.marutisuzuki.com/genuine-parts,not connected,Home
https://www.marutisuzuki.com/book-a-test-drive?model=AT,not connected,Home
https://www.marutisuzuki.com/celerio,not connected,Home
https://www.marutisuzuki.com/engage/mobility.html,not connected,Home
https://www.marutisuzuki.com/alto/alto-lxi-o-cng,not connected,Home
https://www.marutisuzuki.com/corporate/investors/forms,not connected,Home
https://www.marutisuzuki.com/service/maruti-care-app,not connected,Home
https://www.marutisuzuki.com/cng/wagonr,not connected,Home
https://www.marutisuzuki.com/dzire/dzire-zxi-cng,not connected,Home
https://www.marutisuzuki.com/corporate/media/press-releases,not connected,Home
https://www.marutisuzuki.com/celerio/celerio-zxi-plus-ags,not connected,Home
https://www.marutisuzuki.com/eeco/eeco-five-standard,not connected,Home
https://www.marutisuzuki.com/channels/commercial-channel,not connected,Home
https://www.marutisuzuki.com/corporate/technology/engine,not connected,Home
https://www.marutisuzuki.com/corporate/investors/news,not connected,Home
https://www.marutisuzuki.com/ertiga/ertiga-vxi-mt,not connected,Home
https://www.marutisuzuki.com/corporate/media/together-against-covid-19,not connected,Home
https://www.marutisuzuki.com/dzire/dzire-zxi-amt,not connected,Home
https://www.marutisuzuki.com/alto-k10/alto-k10-vxi-plus-amt,not connected,Home
https://www.marutisuzuki.com/celerio/celerio-mileage,not connected,Home
https://www.marutisuzuki.com/celerio/brochure,not connected,Home
https://www.marutisuzuki.com/wagonr/wagonr-vxi-1l,not connected,Home
https://www.marutisuzuki.com/swift/swift-mileage,not connected,Home
https://www.marutisuzuki.com/brezza,not connected,Home
https://www.marutisuzuki.com/celerio/celerio-vxi-ags,not connected,Home
https://www.marutisuzuki.com/brezza/brezza-lxi-cng,not connected,Home
https://www.marutisuzuki.com/wagonr/wagonr-lxi-1l,not connected,Home
https://www.marutisuzuki.com/corporate/technology,not connected,Home
https://www.marutisuzuki.com/dzire/dzire-vxi-cng,not connected,Home
https://www.marutisuzuki.com/corporate/about-us/csr,not connected,Home
https://www.marutisuzuki.com/alto/alto-std-o,200,Home
https://www.marutisuzuki.com/dzire/dzire-vxi-amt,not connected,Home
https://www.marutisuzuki.com/corporate/investors/stock-information,not connected,Home
https://www.marutisuzuki.com/engage/technology/next-generation-powersystem/k12-series.html,not connected,Home
https://www.marutisuzuki.com/engage/technology/s-cng.html,not connected,Home
https://www.marutisuzuki.com/tour/ertiga,not connected,Home
https://www.marutisuzuki.com/configurator/ertiga,not connected,Home
https://www.marutisuzuki.com/corporate/careers/training-academy,not connected,Home
https://www.marutisuzuki.com/celerio/celerio-vxi-cng-mt,200,Home
https://www.marutisuzuki.com/s-presso/spresso-std,not connected,Home
https://www.marutisuzuki.com/ertiga/ertiga-zxi-at,not connected,Home
https://www.marutisuzuki.com/eeco/eeco-ambulance-shell,not connected,Home
https://www.marutisuzuki.com/more-from-us,not connected,Home
https://www.marutisuzuki.com/cng/ertiga,not connected,Home
https://www.marutisuzuki.com/celerio/celerio-zxi-mt,not connected,Home
https://www.marutisuzuki.com/swift/swift-vxi-cng,not connected,Home
https://www.marutisuzuki.com,not connected,Home
https://www.marutisuzuki.com/dzire/dzire-vxi,not connected,Home
https://www.marutisuzuki.com/dzire,not connected,Home
https://www.marutisuzuki.com/sedans,not connected,Home
https://www.marutisuzuki.com/wagonr/wagonr-zxi-plus-1point2l,not connected,Home
https://www.marutisuzuki.com/tour/eeco,not connected,Home
https://www.marutisuzuki.com/corporate/reach-us/business-opportunities,not connected,Home
https://www.marutisuzuki.com/ertiga/ertiga-vxi-at,not connected,Home
https://www.marutisuzuki.com/corporate/careers/life-at-msil,not connected,Home
https://www.marutisuzuki.com/suvs-muvs,not connected,Home
https://www.marutisuzuki.com/xtra-limited-edition-alto-k10-s-presso,not connected,Home
https://www.marutisuzuki.com/eeco/eeco-five-seater-ac,not connected,Home
https://www.marutisuzuki.com/s-presso/spresso-vxi-cng,not connected,Home
https://www.marutisuzuki.com/corporate/investors/events,not connected,Home
https://www.marutisuzuki.com/marutisuzukiworld,not connected,Home
https://www.marutisuzuki.com/corporate/careers/why-work-with-us,not connected,Home
https://www.marutisuzuki.com/data-provider-consent-policy,not connected,Home
https://www.marutisuzuki.com/eeco/eeco-ambulance,not connected,Home
https://www.marutisuzuki.com/engage/safety/active-safety.html,not connected,Home
https://www.marutisuzuki.com/get-a-quote?model=ER,not connected,Home
https://www.marutisuzuki.com/sitemap,200,Home
https://www.marutisuzuki.com/cng/swift,not connected,Home
https://www.marutisuzuki.com/engage/technology.html,not connected,Home
https://www.marutisuzuki.com/more-from-us/maruti-suzuki-driving-school,not connected,Home
https://www.marutisuzuki.com/engage/technology/next-generation-powersystem/k15-series.html,200,Home
https://www.marutisuzuki.com/alto-k10/alto-k10-vxi-cng,not connected,Home
https://www.marutisuzuki.com/celerio/celerio-zxi-plus-mt,not connected,Home
https://www.marutisuzuki.com/imp-information-customer,not connected,Home
https://www.marutisuzuki.com/engage/safety/behavioural-safety.html,not connected,Home
https://www.marutisuzuki.com/corporate/reach-us/contact-us,not connected,Home
https://www.marutisuzuki.com/corporate/investors/committees,200,Home
https://www.marutisuzuki.com/ertiga/ertiga-zxi-mt,not connected,Home
https://www.marutisuzuki.com/engage/mobility/destination-drive/delhi-to-mussoorie.html,200,Home
https://www.marutisuzuki.com/tour/wagonr,not connected,Home
https://www.marutisuzuki.com/corporate/reach-us/all-offices,not connected,Home
https://www.marutisuzuki.com/hatchbacks,not connected,Home
https://www.marutisuzuki.com/alto k10/brochure,not connected,Home
https://www.marutisuzuki.com/genuine-accessories,not connected,Home
https://www.marutisuzuki.com/cng-pump,not connected,Home
https://www.marutisuzuki.com/brezza/brezza-zxi-cng,not connected,Home
https://www.marutisuzuki.com/s-presso/spresso-vxi-o-ags,not connected,Home
https://www.marutisuzuki.com/ertiga/ertiga-zxi-cng,not connected,Home
https://www.marutisuzuki.com/dzire/dzire-lxi,not connected,Home
https://www.marutisuzuki.com/corporate/careers/join-us,not connected,Home
https://www.marutisuzuki.com/corporate/technology/automatic,not connected,Home
https://www.marutisuzuki.com/brezza/brezza-vxi,not connected,Home
https://www.marutisuzuki.com/ertiga/brochure,200,Home
https://www.marutisuzuki.com/wagonr/wagonr-zxi-1point2l,not connected,Home
https://www.marutisuzuki.com/vans,not connected,Home
https://www.marutisuzuki.com/celerio/celerio-zxi-ags,not connected,Home
https://www.marutisuzuki.com/price-list/celerio-vxi-cng-mt-price,not connected,Home
https://www.marutisuzuki.com/terms-of-use,not connected,Home
https://www.marutisuzuki.com/cng/alto,not connected,Home
https://www.marutisuzuki.com/corporate/investors/company-reports,not connected,Home
https://www.marutisuzuki.com/corporate/careers/fraudulent-recruitment,not connected,Home
https://www.marutisuzuki.com/s-presso/spresso-vxi-plus,not connected,Home
https://www.marutisuzuki.com/ertiga/ertiga-vxi-cng,200,Home
https://www.marutisuzuki.com/more-from-us/exchange,not connected,Home
https://www.marutisuzuki.com/corporate/careers,not connected,Home
https://www.marutisuzuki.com/channels/arena/hatchbacks/celerio-x,not connected,Home
https://www.marutisuzuki.com/more-from-us/maruti-suzuki-leasing,not connected,Home
https://www.marutisuzuki.com/book-showroom-visit,not connected,Home
https://www.marutisuzuki.com/engage/technology/sustainability.html,not connected,Home
https://www.marutisuzuki.com/swift/swift-zxi-plus,404,Home
https://www.marutisuzuki.com/ertiga/ertiga-zxi-plus-at,not connected,Home
https://www.marutisuzuki.com/brezza/brezza-zxi-plus,not connected,Home
https://www.marutisuzuki.com/brezza/brezza-zxi-plus-at,not connected,Home
https://www.marutisuzuki.com/engage/technology/next-generation-powersystem/k10-series.html,200,Home
https://www.marutisuzuki.com/more-from-us/insurance,not connected,Home
https://www.marutisuzuki.com/swift/swift-zxi-ags,not connected,Home
https://www.marutisuzuki.com/corporate/technology/smartplay-systems,not connected,Home
https://www.marutisuzuki.com/ebook,not connected,Home
https://www.marutisuzuki.com/eeco/eeco-seven-standard,not connected,Home
https://www.marutisuzuki.com/tour/dzire,not connected,Home
https://www.marutisuzuki.com/engage/technology/next-generation-powersystem.html,200,Home
https://www.marutisuzuki.com/engage/safety.html,not connected,Home
https://www.marutisuzuki.com/autoexpo2023,not connected,Home
https://www.marutisuzuki.com/brezza/brezza-zxi,not connected,Home
https://www.marutisuzuki.com/engage/mobility/destination-drive/jaipur-to-udaipur.html,200,Home
https://www.marutisuzuki.com/wagonr/wagonr-zxi-plus-ags-1point2l,not connected,Home
https://www.marutisuzuki.com/book-a-test-drive,not connected,Home
https://www.marutisuzuki.com/corporate/about-us/strength,not connected,Home
https://www.marutisuzuki.com/eeco/hindi,not connected,Home
https://www.marutisuzuki.com/dzire/dzire-zxi-plus-amt,not connected,Home
https://www.marutisuzuki.com/corporate/events/swifticoty,not connected,Home
https://www.marutisuzuki.com/alto-k10/alto-k10-vxi,200,Home
https://www.marutisuzuki.com/corporate/investors/terms-of-appointment-of-independent-directors,not connected,Home
https://www.marutisuzuki.com/manifest.json,200,Home
https://www.marutisuzuki.com/wagonr/wagonr-vxi-ags-1l,not connected,Home
https://www.marutisuzuki.com/swift/swift-vxi-ags,not connected,Home
https://www.marutisuzuki.com/corporate/events/experiences,not connected,Home
https://www.marutisuzuki.com/more-from-us/finance,not connected,Home
https://www.marutisuzuki.com/engage/technology/new-age-features/head-up-display.html,not connected,Home
https://www.marutisuzuki.com/channels/arena/service/arenaworld,not connected,Home
https://www.marutisuzuki.com/engage/mobility/car-care-guide.html,not connected,Home
https://www.marutisuzuki.com/corporate/about-us/values,not connected,Home
https://www.marutisuzuki.com/engage/index.html,200,Home
https://www.marutisuzuki.com/channels/true-value-channel,not connected,Home
https://www.marutisuzuki.com/corporate/technology/suzuki-connect,not connected,Home
https://www.marutisuzuki.com/corporate/technology/heartect,not connected,Home
https://www.marutisuzuki.com/more-from-us/institutional-customers,200,Home
https://www.marutisuzuki.com/dzire/dzire-zxi,not connected,Home
https://www.marutisuzuki.com/petrol-diesel-car-calculator,not connected,Home
https://www.marutisuzuki.com/alto/alto-lxi-o,not connected,Home
https://www.marutisuzuki.com/swift,not connected,Home
https://www.marutisuzuki.com/price-list/alto-std-o-price,not connected,Home
https://www.marutisuzuki.com/engage/technology/new-age-features.html,200,Home
https://www.marutisuzuki.com/corporate/investors/details-of-the-business,not connected,Home
https://www.marutisuzuki.com/corporate/about-us,not connected,Home
https://www.marutisuzuki.com/cng,not connected,Home
https://www.marutisuzuki.com/configurator/altok10,not connected,Home
https://www.marutisuzuki.com/ertiga/ertiga-zxi-plus-mt,not connected,Home
https://www.marutisuzuki.com/get-a-quote?model=CL,not connected,Home
https://www.marutisuzuki.com/cng/s-presso,not connected,Home
https://www.marutisuzuki.com/configurator/celerio,not connected,Home
https://www.marutisuzuki.com/eeco/eeco-five-seater-ac-cng,not connected,Home
https://www.marutisuzuki.com/privacy-policy,not connected,Home
https://www.marutisuzuki.com/brezza/brezza-vxi-cng,not connected,Home
https://www.marutisuzuki.com/dealer-showrooms,not connected,Home
https://www.marutisuzuki.com/book-a-test-drive?model=ER,not connected,Home
https://www.marutisuzuki.com/engage/safety/passive-safety.html,not connected,Home
https://www.marutisuzuki.com/s-presso/spresso-mileage,not connected,Home
https://www.marutisuzuki.com/dzire/dzire-zxi-plus,not connected,Home
https://www.marutisuzuki.com/channels/arena,not connected,Home
https://www.marutisuzuki.com/alto-k10/alto-k10-mileage,200,Home
https://www.marutisuzuki.com/corporate/reach-us/press-releases,not connected,Home
https://www.marutisuzuki.com/channels/nexa-channel,not connected,Home
https://www.marutisuzuki.com/alto-k10/alto-k10-vxi-plus,not connected,Home
https://www.marutisuzuki.com/more-from-us/institutional-customers ,not connected,Home
https://www.marutisuzuki.com/corporate/investors/codes-and-policies,not connected,Home
https://www.marutisuzuki.com/wagonr/wagonr-lxi-cng-1l,not connected,Home
https://www.marutisuzuki.com/brezza/brezza-lxi,not connected,Home
https://www.marutisuzuki.com/cng/alto-k10,not connected,Home
https://www.marutisuzuki.com/alto/alto-vxi-plus,not connected,Home
https://www.marutisuzuki.com/swift/swift-zxi-cng,not connected,Home
https://www.marutisuzuki.com/engage/mobility/know-your-car.html,not connected,Home
https://www.marutisuzuki.com/wagonr,not connected,Home
https://www.marutisuzuki.com/ertiga/ertiga-lxi-mt,not connected,Home
https://www.marutisuzuki.com/suv-experiences,not connected,Home
https://www.marutisuzuki.com/s-presso/spresso-lxi,404,Home
https://www.marutisuzuki.com/price-list/alto-k10-vxi-price,not connected,Home
https://www.marutisuzuki.com/corporate/reach-us/business-payments,not connected,Home
https://www.marutisuzuki.com/alto-k10,not connected,Home
https://www.marutisuzuki.com/brezza/brezza-vxi-at,not connected,Home
https://www.marutisuzuki.com/more-from-us/maruti-suzuki-genuine-parts,not connected,Home
https://www.marutisuzuki.com/swift/swift-vxi,not connected,Home
https://www.marutisuzuki.com/corporate/events,not connected,Home
https://www.marutisuzuki.com/tour/alto,not connected,Home
https://www.marutisuzuki.com/corporate/technology/cng,not connected,Home
https://www.marutisuzuki.com/corporate/media,not connected,Home
https://www.marutisuzuki.com/engage/technology/new-age-features/brake-limited-slip-differential.html,not connected,Home
https://www.marutisuzuki.com/corporate,not connected,Home
https://www.marutisuzuki.com/ertiga/ertiga-mileage,not connected,Home
https://www.marutisuzuki.com/swift/swift-zxi,not connected,Home
https://www.marutisuzuki.com/icon-192.webp,not connected,Home
https://www.marutisuzuki.com/engage/safety/active-safety/park-assist-camera.html,not connected,Home
https://www.marutisuzuki.com/engage/technology/new-age-features/suzuki-connect.html,not connected,Home
https://www.marutisuzuki.com/corporate/about-us/exports,not connected,Home
https://www.marutisuzuki.com/ertiga,not connected,Home
https://www.marutisuzuki.com/corporate/careers/meet-our-people,not connected,Home
https://www.marutisuzuki.com/channels,not connected,Home
https://www.marutisuzuki.com/corporate/investors/contacts,not connected,Home
https://www.marutisuzuki.com/engage/mobility/destination-drive/bengaluru-to-nandhihills.html,404,Home
https://www.marutisuzuki.com/brezza/brezza-zxi-at,not connected,Home
https://www.marutisuzuki.com/corporate/technology/hybrid/smart-hybrid,not connected,Home
https://www.marutisuzuki.com/corporate/technology/hybrid,not connected,Home
https://www.marutisuzuki.com/corporate/investors/forms-and-circulars,not connected,Home
https://www.marutisuzuki.com/wagonr/wagonr-zxi-ags-1point2l,not connected,Home
https://www.marutisuzuki.com/alto,not connected,Home
https://www.marutisuzuki.com/swift/swift-zxi-plus-ags,not connected,Home
https://www.marutisuzuki.com/wagonr/wagonr-vxi-cng-1l,not connected,Home
https://www.marutisuzuki.com/subscribe,not connected,Home
https://www.marutisuzuki.com/channels/arena/all-cars,not connected,Home
https://www.marutisuzuki.com/corporate/reach-us,not connected,Home
https://www.marutisuzuki.com/corporate/about-us/leadership,not connected,Home
https://www.marutisuzuki.com/engage/technology/inmotion-flipbook.html,not connected,Home
https://www.marutisuzuki.com/alto-k10/alto-k10-lxi,not connected,Home
https://www.marutisuzuki.com/celerio/celerio-lxi-mt,not connected,Home
https://www.marutisuzuki.com/alto-k10/alto-k10-vxi-amt,not connected,Home
https://www.marutisuzuki.com/celerio/celerio-vxi-mt,not connected,Home
https://www.marutisuzuki.com/s-presso/spresso-vxi-plus-o-ags,not connected,Home
https://www.marutisuzuki.com/corporate/about-us/sustainability,not connected,Home
https://www.marutisuzuki.com/alto-k10/alto-k10-lxi-cng,not connected,Home
https://www.marutisuzuki.com/swift/swift-lxi,not connected,Home
https://www.marutisuzuki.com/corporate/technology/smart-hybrid,not connected,Home
https://www.marutisuzuki.com/corporate/reach-us/locate-a-dealer,not connected,Home
https://www.marutisuzuki.com/engage/technology/hybrid-technology.html,not connected,Home
https://www.marutisuzuki.com/alto-k10/alto-k10-std-o,not connected,Home
https://www.marutisuzuki.com/service,not connected,Home
https://www.marutisuzuki.com/book-car-online,not connected,Home
https://www.marutisuzuki.com/service/servicepackages,not connected,Home
https://www.marutisuzuki.com/eeco,not connected,Home
https://www.marutisuzuki.com/price-list/ertiga-vxi-cng-price,not connected,Home
https://www.marutisuzuki.com/corporate/about-us/history,not connected,Home
https://www.marutisuzuki.com/engage/mobility/destination-drive/bengaluru-to-gokarna.html,200,Home
https://www.marutisuzuki.com/engage,not connected,Home
https://www.marutisuzuki.com/cng/eeco,not connected,Home
https://www.marutisuzuki.com/more-from-us/maruti-suzuki-rewards,not connected,Home
https://www.marutisuzuki.com/tour,not connected,Home
https://www.marutisuzuki.com/corporate/investors,not connected,Home
https://www.marutisuzuki.com/cng/brezza,not connected,Home
https://www.marutisuzuki.com/engage/technology/suzuki-advantage.html,not connected,Home
https://www.marutisuzuki.com/more-from-us/institutional-customers/enquiry,200,Home
https://www.marutisuzuki.com/corporate/technology/hybrid/strong-hybrid,not connected,Home
https://www.marutisuzuki.com/alto/alto-vxi,not connected,Home
https://www.marutisuzuki.com/service/book-service-appointment,not connected,Home
https://www.marutisuzuki.com/arenaworld,not connected,Home
https://www.marutisuzuki.com/s-presso,not connected,Home
https://www.marutisuzuki.com/more-from-us/maruti-suzuki-subscribe,not connected,Home
https://www.marutisuzuki.com/engage/mobility/destination-drive.html,200,Home
https://www.marutisuzuki.com/s-presso/spresso-lxi-cng,404,Home
https://www.marutisuzuki.com/s-presso/spresso-vxi,not connected,Home
https://www.marutisuzuki.com/cng/celerio,not connected,Home
https://www.nexaexperience.com/xl6,Unknown,Other
https://www.nexaexperience.com/grand-vitara,Unknown,Other
https://az-ci-afde-prd-arena-01-e7fmh3dxacbgeyh5.z01.azurefd.net,Unknown,Other
https://www.nexaexperience.com/ignis,Unknown,Other
https://www.nexaexperience.com/invicto,Unknown,Other
https://geolocation-db.com,Unknown,Other
https://arenaverse.marutisuzuki.com,Unknown,Other
https://marutistoragenew.blob.core.windows.net/msilintiwebpdf/Ertiga_MMC_Brochure_Assamese.pdf,Unknown,Other
https://expoverse.marutisuzuki.com/signin,Unknown,Other
https://www.googletagmanager.com,Unknown,Other
https://marutistoragenew.blob.core.windows.net/msilintiwebpdf/Ertiga_MMC_Brochure_Oriya.pdf,Unknown,Other
https://marutistoragenew.blob.core.windows.net/msilintiwebpdf/Ertiga_MMC_Brochure_Marathi.pdf,Unknown,Other
https://marutistoragenew.blob.core.windows.net/msilintiwebpdf/Ertiga_MMC_Brochure_Manipuri.pdf,Unknown,Other
https://marutisuzukirocknroad.com,Unknown,Other
https://www.marutisuzukicommercial.com ,Unknown,Other
https://marutistoragenew.blob.core.windows.net/msilintiwebpdf/Ertiga_MMC_Brochure_Bengali.pdf,Unknown,Other
https://marutisuzuki.com/get-a-quote?model=AT,Unknown,Other
https://fonts.googleapis.com/css2?family=Lato:wght@100;300;400;700&display=swap,Unknown,Other
https://marutistoragenew.blob.core.windows.net/msilintiwebpdf/Ertiga_MMC_Brochure_Hindi.pdf,Unknown,Other
https://marutistoragenew.blob.core.windows.net/msilintiwebpdf/New_Ertiga_Accessory_Brochure.pdf,Unknown,Other
https://wa.me/+919289311487?text=Hello,Unknown,Other
http://www.facebook.com/sharer.php?u=https://www.marutisuzuki.com/swift,Unknown,Other
https://www.instagram.com/nexaexperience,Unknown,Other
https://www.marutisuzuki.comhttps://az-ci-afde-prd-arena-01-e7fmh3dxacbgeyh5.z01.azurefd.net/-/media/images/maruti/marutisuzuki/car/car-detail/topgun-launch-2022/new-car-colors/alto-k10_688x360_red_new.webp,Unknown,Other
mailto:engage.co@maruti.co.in,Unknown,Other
https://play.google.com/store/apps/details?id=com.marutisuzuki.rewards&hl=en_IN&utm_source=CorpMain&utm_medium=Footerlinks,Unknown,Other
https://www.nexaexperience.com/e-vitara,Unknown,Other
https://api.whatsapp.com/send?phone=%2B919289311487&amp;text=Hello&amp;type=phone_number&amp;app_absent=0,Unknown,Other
https://www.marutisuzuki.comhttps://az-ci-afde-prd-arena-01-e7fmh3dxacbgeyh5.z01.azurefd.net/-/media/images/maruti/marutisuzuki/car/car-profile-shots/celerio-launch-2021/new-car-color/celerio_688x360_blue.webp,Unknown,Other
https://twitter.com/Maruti_Corp,Unknown,Other
tel:18001021800,Unknown,Other
mailto:contact@maruti.co.in,Unknown,Other
https://marutistoragenew.blob.core.windows.net/msilintiwebpdf/Ertiga_MMC_Brochure_Telugu.pdf,Unknown,Other
https://marutistoragenew.blob.core.windows.net/msilintiwebpdf/Ertiga_MMC_Brochure_Punjabi.pdf,Unknown,Other
https://www.nexaexperience.com/fronx,Unknown,Other
https://www.marutisuzukicommercial.com,Unknown,Other
https://marutistoragenew.blob.core.windows.net/msilintiwebpdf/ErtigaBrochure_6_Pgs_High_Res.pdf,Unknown,Other
https://www.facebook.com/MSArenaOfficial,Unknown,Other
https://www.nexaexperience.com/ciaz,Unknown,Other
https://code.jquery.com,Unknown,Other
https://www.nexaexperience.com,Unknown,Other
https://ajax.googleapis.com,Unknown,Other
http://twitter.com/share?original_referer=https://www.marutisuzuki.com/swift,Unknown,Other
https://www.marutisuzukitruevalue.com,Unknown,Other
https://marutistoragenew.blob.core.windows.net/msilintiwebpdf/Ertiga_MMC_Brochure_Kannada.pdf,Unknown,Other
https://marutistoragenew.blob.core.windows.net/msilintiwebpdf/Ertiga_MMC_Brochure_Gujarati.pdf,Unknown,Other
https://www.instagram.com/msarenaofficial,Unknown,Other
https://cdn.treasuredata.com,Unknown,Other
mailto:contact@marutisuzuki.com,Unknown,Other
https://marutistoragenew.blob.core.windows.net/msilintiwebpdf/Ertiga_MMC_Brochure_Tamil.pdf,Unknown,Other
mailto:contact@maruti.co.in?subject=Review for ,Unknown,Other
https://www.linkedin.com/company/maruti-udyog-limited,Unknown,Other
https://apps.apple.com/in/app/maruti-suzuki-rewards/id1508484230?utm_source=CorpMain&utm_medium=Footerlinks,Unknown,Other
tel:1800 102 1800,Unknown,Other
https://www.nexaexperience.com/jimny,Unknown,Other
https://www.nexaexperience.com/baleno,Unknown,Other
https://www.marutisuzuki.comhttps://az-ci-afde-prd-arena-01-e7fmh3dxacbgeyh5.z01.azurefd.net/-/media/images/maruti/marutisuzuki/car/car-profile-shots/new-ertiga-car-image/ertiga_red.webp,Unknown,Other
https://www.marutisuzukidrivingschool.com,Unknown,Other
https://twitter.com/MSArenaOfficial,Unknown,Other
https://marutistoragenew.blob.core.windows.net/msilintiwebpdf/Ertiga_MMC_Brochure_Malayalam.pdf,Unknown,Other
https://www.jsviews.com,Unknown,Other
https://cdnjs.cloudflare.com,Unknown,Other
